Borrower,Loan amount,Amount forgiven,*Loan Status,Date approved,Date forgiven,Payroll,Rent,Utilities,Health Care,Mortgage Interest,Debt Interest,Refinancing EIDL,Not Provided,Lender name,Loan number,Business type,Industry,Industry (detailed),Age of business,Borrower address,Borrower city,Borrower state,Borrower zip,Borrower county and state,Borrower congressional district,Jobs reported,Gender,Race
"COMMUNITY NEWSPAPERS, INC. AND SUBSIDIARIES",2132860.0,2157636.24,Paid in Full,2020-04-07,2021-06-09,2132860.0,0.0,0.0,0.0,0.0,0.0,0.0,0.0,Synovus Bank,6922227005,Corporation,Information,Newspaper Publishers ,Existing or more than 2 years old,PO BOX 792,ATHENS,GA,30603-0792,GA-CLARKE,10,265,Unanswered,Unanswered
COMMUNITY NEWSPAPERS INC. AND SUBSIDIARIES,1875000.0,1885941.78,Paid in Full,2021-03-24,2021-10-26,1874998.0,0.0,1.0,0.0,0.0,0.0,0.0,1.0,Synovus Bank,7701548603,Corporation,Information,Newspaper Publishers ,Existing or more than 2 years old,2365 Prince Ave Ste A,Athens,GA,30606-6003,GA-CLARKE,10,255,Unanswered,Unanswered
"TIMES-JOURNAL, INC.",1540200.0,1557056.63,Paid in Full,2020-04-07,2021-05-21,1540200.0,0.0,0.0,0.0,0.0,0.0,0.0,0.0,Renasant Bank,6891267002,Corporation,Information,Newspaper Publishers ,Existing or more than 2 years old,47 WADDELL ST SE,MARIETTA,GA,30060-1938,GA-COBB,11,183,Unanswered,Unanswered
TIMES JOURNAL INC.,1437545.0,1450083.59,Paid in Full,2021-03-23,2022-02-11,1437541.0,0.0,1.0,0.0,0.0,0.0,0.0,3.0,Itria Ventures LLC,6411488606,Corporation,Information,Newspaper Publishers ,Existing or more than 2 years old,47 Waddell St SE,Marietta,GA,30060-1941,GA-COBB,11,149,Unanswered,Unanswered
GRAY PUBLISHING LLC DE,929265.0,935898.92,Paid in Full,2021-03-23,2021-12-07,929263.0,0.0,1.0,0.0,0.0,0.0,0.0,1.0,Itria Ventures LLC,6873998600,Limited  Liability Company(LLC),Information,Newspaper Publishers ,Existing or more than 2 years old,478 Northdale Rd,Lawrenceville,GA,30046-4534,GA-GWINNETT,07,42,Unanswered,Unanswered
GRAY PUBLISHING LLC,929200.0,939601.88,Paid in Full,2020-05-01,2021-06-28,929200.0,0.0,0.0,0.0,0.0,0.0,0.0,0.0,Renasant Bank,8759237300,Limited  Liability Company(LLC),Information,Newspaper Publishers ,Existing or more than 2 years old,725 Old Norcross Road Ste A,LAWRENCEVILLE,GA,30046,GA-GWINNETT,07,87,Unanswered,Unanswered
METRO MARKET MEDIA LLC,700000.0,708169.86,Paid in Full,2020-04-28,2021-06-30,700000.0,0.0,0.0,0.0,0.0,0.0,0.0,0.0,Regions Bank,7957637200,Limited  Liability Company(LLC),Information,Newspaper Publishers ,Existing or more than 2 years old,345 GREEN ST NW,GAINESVILLE,GA,30501-3370,GA-HALL,09,60,Unanswered,American Indian or Alaska Native
METRO MARKET MEDIA LLC,689547.0,694496.63,Paid in Full,2021-01-25,2021-10-25,689547.0,0.0,0.0,0.0,0.0,0.0,0.0,0.0,Regions Bank,5301788302,Limited  Liability Company(LLC),Information,Newspaper Publishers ,Existing or more than 2 years old,345 Green St NW,Gainesville,GA,30501-3370,GA-HALL,09,60,Unanswered,American Indian or Alaska Native
"RADIX HEALTH, INC.",465500.0,457866.07,Paid in Full,2020-04-13,2020-11-03,465500.0,0.0,0.0,0.0,0.0,0.0,0.0,0.0,"SouthState Bank, National Association",4176117103,Corporation,Information,Newspaper Publishers ,New Business or 2 years or less,887 West Marietta Street Northwest Suite E,ATLANTA,GA,30318-5213,GA-FULTON,05,25,Unanswered,Unanswered
STATESBORO PUBLISHING CO. INC.,421435.0,373108.58,Paid in Full,2021-01-27,2021-09-10,421433.0,0.0,1.0,0.0,0.0,0.0,0.0,1.0,"U.S. Bank, National Association",6479008304,Corporation,Information,Newspaper Publishers ,Existing or more than 2 years old,1 Proctor St,Statesboro,GA,30458-1387,GA-BULLOCH,12,51,Unanswered,Unanswered
BRUNSWICK NEWS PUBLISHING,412741.0,416856.94,Paid in Full,2020-04-27,2021-05-03,412741.0,0.0,0.0,0.0,0.0,0.0,0.0,0.0,Primesouth Bank,4446147200,Corporation,Information,Newspaper Publishers ,Existing or more than 2 years old,3011 Altama Avenue,Brunswick,GA,31520-4626,GA-GLYNN,01,47,Male Owned,Unanswered
CELEBRATIONS BOB GASS EANGELISTIC ASSOCIATION INC,356000.0,358442.56,Paid in Full,2020-04-14,2020-12-31,356000.0,0.0,0.0,0.0,0.0,0.0,0.0,0.0,Truist Bank,6007987104,Non-Profit Organization,Information,Newspaper Publishers ,Existing or more than 2 years old,6525 Shiloh Rd Ste D-500,ALPHARETTA,GA,30005-1612,GA-FORSYTH,06,29,Unanswered,Unanswered
GREATER GEORGIA PRINTERS INC.,301712.0,304357.15,Paid in Full,2021-01-21,2021-12-20,301706.0,0.0,1.0,0.0,0.0,0.0,0.0,5.0,The Commercial Bank,3281408307,Corporation,Information,Newspaper Publishers ,Existing or more than 2 years old,1263 Athens Rd,Crawford,GA,30630-2505,GA-OGLETHORPE,10,33,Unanswered,Unanswered
"NORTHWEST GEORGIA HOME CARE, INC",277312.0,279830.92,Paid in Full,2020-04-08,2021-03-11,277312.0,0.0,0.0,0.0,0.0,0.0,0.0,0.0,River City Bank,8549357009,Subchapter S Corporation,Information,Newspaper Publishers ,Existing or more than 2 years old,11 John Davenport Drive,ROME,GA,30165-2509,GA-FLOYD,14,67,Male Owned,Unanswered
APPEN MEDIA GROUP INC,234623.0,236258.84,Paid in Full,2021-01-22,2021-10-20,234620.0,0.0,1.0,0.0,0.0,0.0,0.0,2.0,The First Bank,4043898302,Corporation,Information,Newspaper Publishers ,Existing or more than 2 years old,319 N Main St,Alpharetta,GA,30009-2321,GA-FULTON,06,14,Unanswered,Unanswered
APPEN MEDIA GROUP,227200.0,230330.31,Paid in Full,2020-04-13,2021-08-31,170400.0,56800.0,0.0,0.0,0.0,0.0,0.0,0.0,The First Bank,4811697102,Corporation,Information,Newspaper Publishers ,Existing or more than 2 years old,319 North main Street,ALPHARETTA,GA,30009-2321,GA-FULTON,06,18,Unanswered,Unanswered
JOONGANG DAILY NEWS ATLANTA INC.,221410.0,222550.41,Paid in Full,2021-02-26,2021-09-07,221408.0,0.0,1.0,0.0,0.0,0.0,0.0,1.0,Metro City Bank,4596708509,Corporation,Information,Newspaper Publishers ,Existing or more than 2 years old,2400 Pleasant Hill Rd Ste 210,Duluth,GA,30096-1705,GA-GWINNETT,07,17,Unanswered,Unanswered
"JOONGANG DAILY NEWS ATLANTA, INC.",220400.0,223268.22,Paid in Full,2020-04-06,2021-08-04,220400.0,0.0,0.0,0.0,0.0,0.0,0.0,0.0,Metro City Bank,6025427006,Corporation,Information,Newspaper Publishers ,Existing or more than 2 years old,2400 Pleasant Hill Road Suite 210,DULUTH,GA,30096-1702,GA-GWINNETT,07,27,Unanswered,Unanswered
SCOTTSBORO MEDIA INC,180162.0,181810.61,Paid in Full,2021-02-08,2022-01-11,180160.0,0.0,1.0,0.0,0.0,0.0,0.0,1.0,Synovus Bank,5348668407,Subchapter S Corporation,Information,Newspaper Publishers ,Existing or more than 2 years old,121 S Broad St,Monroe,GA,30655-2153,GA-WALTON,10,26,Unanswered,Unanswered
"THE NEWNAN TIMES HERALD, INC",165842.65,167964.53,Paid in Full,2020-04-14,2021-07-29,165842.65,0.0,0.0,0.0,0.0,0.0,0.0,0.0,Synovus Bank,6884747104,Subchapter S Corporation,Information,Newspaper Publishers ,Existing or more than 2 years old,16 JEFFERSON ST,NEWNAN,GA,30263-1913,GA-COWETA,03,26,Unanswered,Unanswered
MUNDO HISPANO DIGITAL INC,164300.0,166230.52,Paid in Full,2020-04-09,2021-06-17,164300.0,0.0,0.0,0.0,0.0,0.0,0.0,0.0,Georgia Primary Bank,9426407005,Corporation,Information,Newspaper Publishers ,New Business or 2 years or less,5269 BUFORD HWY,ATLANTA,GA,30340-1100,GA-DEKALB,04,10,Male Owned,Asian
BAINBRIDGE MEDIA LLC,154485.0,148944.53,Paid in Full,2021-02-06,2022-06-08,154480.0,0.0,1.0,0.0,0.0,0.0,0.0,4.0,SmartBank,4365378400,Limited  Liability Company(LLC),Information,Newspaper Publishers ,Existing or more than 2 years old,301 N Crawford St,Bainbridge,GA,39817-3612,GA-DECATUR,02,19,Unanswered,Unanswered
SPRINGS PUBLISHING LLC,151500.0,140065.76,Paid in Full,2020-04-14,2020-12-08,151500.0,0.0,0.0,0.0,0.0,0.0,0.0,0.0,"SouthState Bank, National Association",7170087110,Limited  Liability Company(LLC),Information,Newspaper Publishers ,Existing or more than 2 years old,6065 Roswell Road 225,ATLANTA,GA,30328,GA-FULTON,05,13,Unanswered,Unanswered
THE DUBLIN COURIER HERALD PUBLISHING COMPANY,148762.5,149221.18,Paid in Full,2021-02-24,2021-06-23,148759.5,0.0,1.0,0.0,0.0,0.0,0.0,2.0,Bank of Dudley,3846398500,Subchapter S Corporation,Information,Newspaper Publishers ,Existing or more than 2 years old,115 N Jefferson St,Dublin,GA,31021-6311,GA-LAURENS,12,22,Male Owned,White
THE DUBLIN COURIER HERALD PUBLISHING COMPANY,148762.5,150005.58,Paid in Full,2020-04-06,2021-02-17,119010.0,12000.0,9752.5,0.0,8000.0,0.0,0.0,0.0,Bank of Wrightsville,5913267010,Subchapter S Corporation,Information,Newspaper Publishers ,Existing or more than 2 years old,115 South Jefferson St.,DUBLIN,GA,31021-5146,GA-LAURENS,12,24,Male Owned,White
MAURICE MEDIA GROUP LLC,145787.75,146834.23,Paid in Full,2021-02-26,2021-11-19,145787.75,0.0,0.0,0.0,0.0,0.0,0.0,0.0,Signature Bank of Georgia,5017358501,Subchapter S Corporation,Information,Newspaper Publishers ,Existing or more than 2 years old,1440 Dutch Valley Pl NE Ste 165,Atlanta,GA,30324-5370,GA-FULTON,05,10,Unanswered,Unanswered
SMITH COMMUNICATIONS INC,144535.17,145029.0,Paid in Full,2021-02-27,2021-07-06,144532.17,0.0,1.0,0.0,0.0,0.0,0.0,2.0,The Peoples Bank,5476008500,Corporation,Information,Newspaper Publishers ,Existing or more than 2 years old,100 N Jefferson Ave,Eatonton,GA,31024-1020,GA-PUTNAM,10,41,Male Owned,White
CHOSUN DAILY NEWS LLC,137080.0,138127.82,Paid in Full,2021-02-09,2021-11-16,137075.0,0.0,1.0,0.0,0.0,0.0,0.0,4.0,Metro City Bank,5767838404,Limited  Liability Company(LLC),Information,Newspaper Publishers ,Existing or more than 2 years old,2730 N Berkeley Lake Rd NW Ste 800,Duluth,GA,30096-1749,GA-GWINNETT,07,22,Female Owned,Asian
JVT SNELLVILLE LLC,129900.0,131380.5,Paid in Full,2020-04-08,2021-06-11,129900.0,0.0,0.0,0.0,0.0,0.0,0.0,0.0,Seacoast National Bank,7950027006,Limited  Liability Company(LLC),Information,Newspaper Publishers ,Existing or more than 2 years old,1175 scenic highway s,LAWRENCEVILLE,GA,30045,GA-GWINNETT,07,42,Unanswered,Unanswered
"PRESS-SENTINEL NEWSPAPERS, INC.",129107.0,130606.76,Paid in Full,2020-04-13,2021-06-16,129107.0,0.0,0.0,0.0,0.0,0.0,0.0,0.0,Synovus Bank,5456717105,Corporation,Information,Newspaper Publishers ,Existing or more than 2 years old,252 W. WALNUT ST,JESUP,GA,31545-1331,GA-WAYNE,01,22,Unanswered,Unanswered
ADVANCED PUBLISHING COMPANY INC,120616.0,121673.46,Paid in Full,2020-04-13,2021-03-02,120616.0,0.0,0.0,0.0,0.0,0.0,0.0,0.0,Altamaha Bank & Trust Company,4654837102,Corporation,Information,Newspaper Publishers ,Existing or more than 2 years old,205 East First St,Vidalia,GA,30474-4717,GA-TOOMBS,12,25,Male Owned,White
ADVANCE PUBLISHING COMPANY INC,120516.33,121582.82,Paid in Full,2021-03-12,2022-02-03,120516.33,0.0,0.0,0.0,0.0,0.0,0.0,0.0,Altamaha Bank & Trust Company,9727608507,Corporation,Information,Newspaper Publishers ,Existing or more than 2 years old,205 E 1st St,Vidalia,GA,30474-4717,GA-TOOMBS,12,25,Male Owned,White
CBT AUTOMOTIVE NETWORK LLC,119460.45,120681.24,Paid in Full,2021-03-05,2022-03-17,119459.45,0.0,0.0,0.0,0.0,0.0,0.0,1.0,Synovus Bank,7295858508,Limited  Liability Company(LLC),Information,Newspaper Publishers ,Existing or more than 2 years old,420 Technology Pkwy Ste 200,Norcross,GA,30092-3412,GA-GWINNETT,07,10,Unanswered,Unanswered
ACE III COMMUNICATIONS INC,118707.0,120448.04,Paid in Full,2020-04-28,2021-10-19,118707.0,0.0,0.0,0.0,0.0,0.0,0.0,0.0,Citizens Trust Bank,9379007206,Corporation,Information,Newspaper Publishers ,Existing or more than 2 years old,114 New Street,DECATUR,GA,30030-1347,GA-DEKALB,05,12,Male Owned,Unanswered
SOUTHERN ISRAELITE LLC,114952.0,116491.08,Paid in Full,2021-03-13,2022-07-14,114947.0,0.0,1.0,0.0,0.0,0.0,0.0,4.0,Truist Bank,2130658604,Limited  Liability Company(LLC),Information,Newspaper Publishers ,Existing or more than 2 years old,270 Carpenter Dr Ste 320,Atlanta,GA,30328-4933,GA-FULTON,05,9,Unanswered,Unanswered
"CHOSUN DAILY NEWS, LLC",111140.0,112281.85,Paid in Full,2020-04-09,2021-05-11,111140.0,0.0,0.0,0.0,0.0,0.0,0.0,0.0,Metro City Bank,8860927006,Limited  Liability Company(LLC),Information,Newspaper Publishers ,Existing or more than 2 years old,2730 N BERKELEY LAKE RD #800,DULUTH,GA,30096-1744,GA-GWINNETT,07,31,Female Owned,Asian
FORT PAYNE PUBLISHING INC,106970.0,107767.15,Paid in Full,2021-03-18,2021-12-23,106968.0,0.0,1.0,0.0,0.0,0.0,0.0,1.0,Synovus Bank,4525578608,Corporation,Information,Newspaper Publishers ,Existing or more than 2 years old,121 S Broad St,Monroe,GA,30655-2153,GA-WALTON,10,12,Unanswered,Unanswered
"BOB AND JEFFS IGA OF CAMILLA, LLC",101372.35,102127.01,Paid in Full,2020-04-13,2021-01-07,101372.35,0.0,0.0,0.0,0.0,0.0,0.0,0.0,First National Bank of Decatur County,5432077109,Corporation,Information,Newspaper Publishers ,New Business or 2 years or less,86 N SCOTT ST,CAMILLA,GA,31730-1247,GA-MITCHELL,02,20,Unanswered,Unanswered
"CBT AUTOMOTIVE NETWORK, LLC",100629.7,101729.73,Paid in Full,2020-04-27,2021-06-02,100629.7,0.0,0.0,0.0,0.0,0.0,0.0,0.0,Synovus Bank,4056137202,Limited  Liability Company(LLC),Information,Newspaper Publishers ,Existing or more than 2 years old,420 TECHNOLOGY PKWY Suite 200,PEACHTREE CORNERS,GA,30092-3412,GA-GWINNETT,07,10,Unanswered,Unanswered
MONROE MEDIA INC,97910.0,99063.46,Paid in Full,2020-04-15,2021-06-22,97910.0,0.0,0.0,0.0,0.0,0.0,0.0,0.0,Synovus Bank,8436997104,Corporation,Information,Newspaper Publishers ,Existing or more than 2 years old,121 BROAD ST,MONROE,GA,30655-2153,GA-WALTON,10,8,Unanswered,Unanswered
MONROE MEDIA INC,97910.0,98776.44,Paid in Full,2021-01-30,2021-12-23,97908.0,0.0,1.0,0.0,0.0,0.0,0.0,1.0,Synovus Bank,9084468301,Corporation,Information,Newspaper Publishers ,Existing or more than 2 years old,121 S Broad St,Monroe,GA,30655-2153,GA-WALTON,10,10,Unanswered,Unanswered
"NGN/TCH, INC.",94500.0,95082.53,Paid in Full,2020-04-15,2020-12-03,94500.0,0.0,0.0,0.0,0.0,0.0,0.0,0.0,United Community Bank,9606647102,Subchapter S Corporation,Information,Newspaper Publishers ,Existing or more than 2 years old,266 CLEVELAND STREET,BLAIRSVILLE,GA,30512,GA-UNION,09,17,Unanswered,Unanswered
COOK PUBLISHING COMPANY,90538.87,91234.64,Paid in Full,2020-04-15,2021-01-26,90538.87,0.0,0.0,0.0,0.0,0.0,0.0,0.0,F & M Bank and Trust Company,1920547207,Corporation,Information,Newspaper Publishers ,Existing or more than 2 years old,131 So. Hutchinson Ave,ADEL,GA,31620,GA-COOK,08,28,Male Owned,Unanswered
HOUSTON PUBLICATIONS INC,88341.0,89001.1,Paid in Full,2020-04-27,2021-01-26,88341.0,0.0,0.0,0.0,0.0,0.0,0.0,0.0,F & M Bank and Trust Company,3664957200,Corporation,Information,Newspaper Publishers ,Existing or more than 2 years old,1210 Washington St,Perry,GA,31069,GA-HOUSTON,08,17,Male Owned,Unanswered
TRIB PUBLICATIONS INC.,88022.0,88679.72,Paid in Full,2020-04-27,2021-01-26,88022.0,0.0,0.0,0.0,0.0,0.0,0.0,0.0,F & M Bank and Trust Company,3505697208,Corporation,Information,Newspaper Publishers ,Existing or more than 2 years old,103 Broad Street,Manchester,GA,31816,GA-MERIWETHER,03,17,Male Owned,Unanswered
"STEED MEDIA GROUP, INC.",87700.0,88216.59,Paid in Full,2021-03-12,2021-10-19,87695.0,0.0,1.0,0.0,0.0,0.0,0.0,4.0,Regions Bank,9529558504,Corporation,Information,Newspaper Publishers ,Existing or more than 2 years old,770 English Ave NW,Atlanta,GA,30318-8400,GA-FULTON,05,5,Male Owned,Black or African American
MNC OF HINESVILLE INC.,87690.0,59986.77,Paid in Full,2021-01-28,2021-09-09,87687.0,0.0,1.0,0.0,0.0,0.0,0.0,2.0,"U.S. Bank, National Association",7264538307,Corporation,Information,Newspaper Publishers ,Existing or more than 2 years old,125 S Main St,Hinesville,GA,31313-3217,GA-LIBERTY,01,11,Unanswered,Unanswered
ACE III COMMUNICATIONS INC,87325.4,87936.68,Paid in Full,2021-02-27,2021-11-16,87321.4,0.0,1.0,0.0,0.0,0.0,0.0,3.0,Citizens Trust Bank,5111388506,Corporation,Information,Newspaper Publishers ,Existing or more than 2 years old,114 New St Ste E,Decatur,GA,30030-5356,GA-DEKALB,05,9,Male Owned,Unanswered
SAND MOUNTAIN MEDIA INC,86856.0,87600.82,Paid in Full,2021-02-08,2021-12-22,86854.0,0.0,1.0,0.0,0.0,0.0,0.0,1.0,Synovus Bank,5233418402,Subchapter S Corporation,Information,Newspaper Publishers ,Existing or more than 2 years old,121 S Broad St,Monroe,GA,30655-2153,GA-WALTON,10,10,Unanswered,Unanswered
EMANUEL COUNTY NEWSPAPERS INC,85979.0,86712.21,Paid in Full,2020-04-27,2021-03-05,85979.0,0.0,0.0,0.0,0.0,0.0,0.0,0.0,Bryant Bank,5222927204,Subchapter S Corporation,Information,Newspaper Publishers ,Existing or more than 2 years old,416 WEST MORING ST,SWAINSBORO,GA,30401,GA-EMANUEL,12,7,Unanswered,Unanswered
RED AND BLACK PUBLISHING COMPANY INC,85100.0,85596.61,Paid in Full,2021-01-20,2021-08-27,85100.0,0.0,0.0,0.0,0.0,0.0,0.0,0.0,First American Bank & Trust Company,2416278309,Non-Profit Organization,Information,Newspaper Publishers ,Existing or more than 2 years old,540 Baxter St,Athens,GA,30605-1106,GA-CLARKE,10,17,Unanswered,Unanswered
"THE RED & BLACK PUBLISHING COMPANY, INC",85100.0,85729.51,Paid in Full,2020-04-08,2021-01-19,85100.0,0.0,0.0,0.0,0.0,0.0,0.0,0.0,First American Bank & Trust Company,7874317007,Non-Profit Organization,Information,Newspaper Publishers ,Existing or more than 2 years old,540 BAXTER ST,ATHENS,GA,30605-1106,GA-CLARKE,10,17,Unanswered,Unanswered
CONNECT SAVANNAH LLC,82179.0,82678.92,Paid in Full,2021-01-25,2021-09-10,82177.0,0.0,1.0,0.0,0.0,0.0,0.0,1.0,"U.S. Bank, National Association",5427938305,Limited  Liability Company(LLC),Information,Newspaper Publishers ,Existing or more than 2 years old,611 E Bay St,Savannah,GA,31401-1238,GA-CHATHAM,01,8,Unanswered,Unanswered
ATLANTA PORCH AND PATIO LLC,82051.0,82777.1,Paid in Full,2020-05-01,2021-03-29,82051.0,0.0,0.0,0.0,0.0,0.0,0.0,0.0,"Wells Fargo Bank, National Association",4548777703,Limited  Liability Company(LLC),Information,Newspaper Publishers ,Existing or more than 2 years old,3724 HIGH GREEN DRIVE,MARIETTA,GA,30068,GA-COBB,06,8,Male Owned,Unanswered
MI JEONG KIM,80040.0,80860.14,Paid in Full,2021-01-21,2022-02-14,80035.0,0.0,1.0,0.0,0.0,0.0,0.0,4.0,Metro City Bank,2586968307,Corporation,Information,Newspaper Publishers ,Existing or more than 2 years old,320 Maltbie Industrial Dr,Lawrenceville,GA,30046-8904,GA-GWINNETT,07,10,Female Owned,Unanswered
SNELL PUBLICATIONS INC.,78414.0,78822.18,Paid in Full,2021-02-18,2021-09-01,78410.0,0.0,1.0,0.0,0.0,0.0,0.0,3.0,"Durden Banking Co., Inc.",1312068502,Corporation,Information,Newspaper Publishers ,Existing or more than 2 years old,15 S Rountree St,Metter,GA,30439-4416,GA-CANDLER,12,16,Male Owned,White
ESPY PUBLISHIING CO. INC.,73184.02,73795.92,Paid in Full,2021-02-24,2022-01-03,73183.02,0.0,1.0,0.0,0.0,0.0,0.0,0.0,Southeast First National Bank,3825808504,Subchapter S Corporation,Information,Newspaper Publishers ,Existing or more than 2 years old,20 Wildlife Lake Rd,Summerville,GA,30747-5300,GA-CHATTOOGA,14,23,Male Owned,White
"PIE AMERICA PUBLSHING, INC.",71550.0,72240.02,Paid in Full,2020-04-07,2021-04-19,71550.0,0.0,0.0,0.0,0.0,0.0,0.0,0.0,Metro City Bank,7346727008,Corporation,Information,Newspaper Publishers ,Existing or more than 2 years old,320 MALTBIE INDUSTRIAL DR,LAWRENCEVILLE,GA,30046-8904,GA-GWINNETT,07,9,Female Owned,Unanswered
"ESPY PUBLISHING CO, INC.",71151.97,71701.42,Paid in Full,2020-04-08,2021-01-20,71151.97,0.0,0.0,0.0,0.0,0.0,0.0,0.0,Southeast First National Bank,7879107002,Subchapter S Corporation,Information,Newspaper Publishers ,Existing or more than 2 years old,20 Wildlife Lake Road,SUMMERVILLE,GA,30747-5300,GA-CHATTOOGA,14,17,Male Owned,White
INSIDER NEWSPAPERS INC.,70255.0,70727.27,Paid in Full,2021-03-12,2021-11-16,70254.0,0.0,1.0,0.0,0.0,0.0,0.0,0.0,Truist Bank,1101708602,Corporation,Information,Newspaper Publishers ,Existing or more than 2 years old,5051 Highway 162 S,Covington,GA,30016-5923,GA-NEWTON,10,8,Unanswered,Unanswered
"NEWTON NEWSPAPERS, INC.",68410.0,69206.55,Paid in Full,2020-04-14,2021-06-16,68410.0,0.0,0.0,0.0,0.0,0.0,0.0,0.0,Synovus Bank,7281117109,Corporation,Information,Newspaper Publishers ,Existing or more than 2 years old,1166 USHER ST NW,COVINGTON,GA,30014-2451,GA-NEWTON,04,6,Unanswered,Unanswered
THE BITTER SOUTHERNER INC,65086.5,65708.83,Paid in Full,2020-05-06,2021-04-22,65086.5,0.0,0.0,0.0,0.0,0.0,0.0,0.0,Synovus Bank,2987527407,Corporation,Information,Newspaper Publishers ,Existing or more than 2 years old,3563 West Hill St,Clarkston,GA,30021-1204,GA-DEKALB,04,4,Unanswered,Unanswered
"INSIDER NEWSPAPERS, INC.",62569.79,63125.97,Paid in Full,2020-04-27,2021-03-31,62569.79,0.0,0.0,0.0,0.0,0.0,0.0,0.0,Truist Bank,4395937200,Corporation,Information,Newspaper Publishers ,Existing or more than 2 years old,5051 Hwy 162 S,Covington,GA,30016,GA-NEWTON,04,8,Unanswered,Unanswered
FLAGPOLE INC,62300.0,62610.65,Paid in Full,2021-02-13,2021-08-23,62300.0,0.0,0.0,0.0,0.0,0.0,0.0,0.0,First American Bank & Trust Company,8161858409,Subchapter S Corporation,Information,Newspaper Publishers ,Existing or more than 2 years old,220 Prince Ave,Athens,GA,30601-2473,GA-CLARKE,10,6,Unanswered,Unanswered
"FLAGPOLE, INC",62300.0,62830.83,Paid in Full,2020-04-08,2021-03-01,62300.0,0.0,0.0,0.0,0.0,0.0,0.0,0.0,First American Bank & Trust Company,8468157006,Subchapter S Corporation,Information,Newspaper Publishers ,Existing or more than 2 years old,220 PRINCE AVE,ATHENS,GA,30601-2473,GA-CLARKE,10,11,Unanswered,Unanswered
MUNDO HISPANO EDICIONES INC,58300.0,58879.76,Paid in Full,2020-04-09,2021-04-13,58300.0,0.0,0.0,0.0,0.0,0.0,0.0,0.0,Georgia Primary Bank,9407977006,Corporation,Information,Newspaper Publishers ,Existing or more than 2 years old,5269 BUFORD HWY,ATLANTA,GA,30340-1100,GA-DEKALB,04,5,Male Owned,Asian
"MAIN STREET COMMUNICATIONS, INC.",56136.47,46403.04,Paid in Full,2020-04-09,2020-11-12,42102.35,7017.06,7017.06,0.0,0.0,0.0,0.0,7.275957614183426E-12,Bank of Madison,8978947007,Corporation,Information,Newspaper Publishers ,Existing or more than 2 years old,259 N SECOND ST,MADISON,GA,30650-1317,GA-MORGAN,10,15,Unanswered,Unanswered
MUNDO HISPANO EDICIONES INC,50997.5,51324.73,Paid in Full,2021-02-24,2021-10-27,50994.5,0.0,0.0,0.0,0.0,0.0,0.0,3.0,Georgia Primary Bank,3779828508,Corporation,Information,Newspaper Publishers ,Existing or more than 2 years old,3880 Roswell Rd NE,Atlanta,GA,30342-4418,GA-FULTON,05,4,Male Owned,Asian
"GARDNER NEWSPAPERS, INC.",50000.0,50306.85,Paid in Full,2020-04-08,2020-11-27,40000.0,0.0,10000.0,0.0,0.0,0.0,0.0,0.0,Pineland Bank,8202697007,Subchapter S Corporation,Information,Newspaper Publishers ,Existing or more than 2 years old,241 E. PARKER ST,BAXLEY,GA,31513-0009,GA-APPLING,01,12,Male Owned,White
SMOKE SIGNALS COMMUNITY SERVICES INC.,49312.5,49575.5,Paid in Full,2021-02-03,2021-08-24,49312.5,0.0,0.0,0.0,0.0,0.0,0.0,0.0,Itria Ventures LLC,2566928407,Non-Profit Organization,Information,Newspaper Publishers ,Existing or more than 2 years old,739,JASPER,GA,30143,GA-PICKENS,09,19,Female Owned,White
"WILKES PUBLISHING CO, INC",49264.02,49499.39,Paid in Full,2020-04-10,2020-10-13,49264.02,0.0,0.0,0.0,0.0,0.0,0.0,0.0,F&M Bank,1442167107,Corporation,Information,Newspaper Publishers ,Existing or more than 2 years old,109 EAST COURT STREET,WASHINGTON,GA,30673,GA-WILKES,12,8,Female Owned,Unanswered
WILKES PUBLISHING CO. INC.,48932.65,49128.38,Paid in Full,2021-01-20,2021-06-15,48927.65,0.0,1.0,0.0,0.0,0.0,0.0,4.0,F&M Bank,1880168310,Corporation,Information,Newspaper Publishers ,Existing or more than 2 years old,109 E Court St,Washington,GA,30673-1512,GA-WILKES,12,6,Female Owned,Unanswered
"THE TRUE CITIZEN, INC",47833.72,41103.68,Paid in Full,2020-04-13,2020-12-10,38266.98,0.0,4783.37,0.0,4783.37,0.0,0.0,-7.275957614183426E-12,The First National Bank of Waynesboro,4349177109,Corporation,Information,Newspaper Publishers ,Existing or more than 2 years old,629 SHADRACK STREET,WAYNESBORO,GA,30830-1451,GA-BURKE,12,7,Male Owned,White
MORRIS CARIBBEAN PUBLICATIONS,44612.0,,Paid in Full,2021-01-26,,44612.0,0.0,0.0,0.0,0.0,0.0,0.0,0.0,"U.S. Bank, National Association",6181618307,Subchapter S Corporation,Information,Newspaper Publishers ,Existing or more than 2 years old,27 Abercorn St,Savannah,GA,31401-2715,GA-CHATHAM,01,7,Unanswered,Unanswered
"PRYOR PUBLICATIONS, INC",44211.37,44603.13,Paid in Full,2020-04-11,2021-03-08,44211.37,0.0,0.0,0.0,0.0,0.0,0.0,0.0,Community Banking Company of Fitzgerald,2734277101,Corporation,Information,Newspaper Publishers ,Existing or more than 2 years old,202 E Central Ave,Fitzgerald,GA,31750,GA-BEN HILL,08,5,Male Owned,White
REAL WOMEN ATLANTA MAGAZINE INC.,43285.0,43544.71,Paid in Full,2021-03-02,2021-10-15,43282.0,0.0,1.0,0.0,0.0,0.0,0.0,2.0,TimePayment Corp.,6064588508,Limited  Liability Company(LLC),Information,Newspaper Publishers ,Existing or more than 2 years old,931 Dove Ct NE,Conyers,GA,30012-4814,GA-ROCKDALE,04,18,Unanswered,Unanswered
"THE OCONEE ENTERPRISE, INC.",41580.0,42052.4,Paid in Full,2020-04-27,2021-06-24,41580.0,0.0,0.0,0.0,0.0,0.0,0.0,0.0,Oconee State Bank,3793757206,Corporation,Information,Newspaper Publishers ,Existing or more than 2 years old,26 S. Barnett Shoals Rd.,WATKINSVILLE,GA,30677,GA-OCONEE,10,9,Unanswered,Unanswered
THE DALLAS NEW ERA,41380.0,41698.57,Paid in Full,2021-01-29,2021-11-10,41380.0,0.0,0.0,0.0,0.0,0.0,0.0,0.0,Regions Bank,8226358305,Corporation,Information,Newspaper Publishers ,Existing or more than 2 years old,121 W Spring St,Dallas,GA,30132-4138,GA-PAULDING,14,5,Female Owned,American Indian or Alaska Native
THE DALLAS NEW ERA,41300.0,41767.31,Paid in Full,2020-04-16,2021-06-15,41300.0,0.0,0.0,0.0,0.0,0.0,0.0,0.0,Regions Bank,2899657204,Corporation,Information,Newspaper Publishers ,Existing or more than 2 years old,"121 West Spring Street,",Dallas,GA,30132-4138,GA-PAULDING,14,5,Female Owned,American Indian or Alaska Native
PICKENS COUNTY PROGRESS INC.,41290.0,41447.24,Paid in Full,2021-01-23,2021-06-15,41284.0,0.0,1.0,0.0,0.0,0.0,0.0,5.0,Community Bank of Pickens County,4648318306,Corporation,Information,Newspaper Publishers ,Existing or more than 2 years old,94 N Main St,Jasper,GA,30143-1510,GA-PICKENS,11,5,Unanswered,Unanswered
H & S NEWSPAPER,41208.0,41516.21,Paid in Full,2020-04-27,2021-02-01,41208.0,0.0,0.0,0.0,0.0,0.0,0.0,0.0,Colony Bank,5202347210,Corporation,Information,Newspaper Publishers ,Existing or more than 2 years old,1032 Riverside Dr,LaGrange,GA,30240-9154,GA-TROUP,03,8,Unanswered,Unanswered
"PICKENS PROGRESS, INC.",41200.0,41444.94,Paid in Full,2020-04-08,2020-11-20,41200.0,0.0,0.0,0.0,0.0,0.0,0.0,0.0,Community Bank of Pickens County,8139627004,Corporation,Information,Newspaper Publishers ,Existing or more than 2 years old,94 North Main St,JASPER,GA,30143-1504,GA-PICKENS,11,5,Unanswered,Unanswered
EFFINGHAM HERALD LLC,40662.0,40909.36,Paid in Full,2021-01-25,2021-09-09,40662.0,0.0,0.0,0.0,0.0,0.0,0.0,0.0,"U.S. Bank, National Association",5603938305,Limited  Liability Company(LLC),Information,Newspaper Publishers ,Existing or more than 2 years old,1204 N Columbia Ave,Rincon,GA,31326-3321,GA-EFFINGHAM,01,5,Unanswered,Unanswered
"THE TATTNALL JOURNAL, INC",40000.0,40373.33,Paid in Full,2020-04-28,2021-04-13,40000.0,0.0,0.0,0.0,0.0,0.0,0.0,0.0,Cadence Bank,1749707304,Corporation,Information,Newspaper Publishers ,Existing or more than 2 years old,114 MAIN ST,REIDSVILLE,GA,30453-4800,GA-TATTNALL,12,10,Unanswered,Unanswered
"PEACH PUBLISHING COMPANY, INC.",38411.62,38706.55,Paid in Full,2020-04-15,2021-01-26,38411.62,0.0,0.0,0.0,0.0,0.0,0.0,0.0,F & M Bank and Trust Company,2014137205,Corporation,Information,Newspaper Publishers ,Unanswered,109 Anderson Avenue,FORT VALLEY,GA,31030,GA-PEACH,02,13,Male Owned,Unanswered
GEORGIA VOICE,36670.0,37051.98,Paid in Full,2020-04-29,2021-05-11,36670.0,0.0,0.0,0.0,0.0,0.0,0.0,0.0,WebBank,4556347300,Limited  Liability Company(LLC),Information,Newspaper Publishers ,Existing or more than 2 years old,631 Myrtle Street NE   #7,Atlanta,GA,30357,GA-FULTON,05,4,Male Owned,Unanswered
"OCONEE SINCLAIR MEDIA, LLC",36021.87,35314.2,Paid in Full,2020-04-13,2021-03-10,27016.4,0.0,3602.19,0.0,5403.28,0.0,0.0,0.0,The Peoples Bank,5020857100,Limited  Liability Company(LLC),Information,Newspaper Publishers ,Existing or more than 2 years old,100 N. JEFFERSON AVE,EATONTON,GA,31024-1020,GA-PUTNAM,10,7,Male Owned,White
CONTINENTAL COMMERCE CORPORATION,33946.0,34134.59,Paid in Full,2020-04-29,2020-11-24,33946.0,0.0,0.0,0.0,0.0,0.0,0.0,0.0,Waycross Bank & Trust,3957737306,Subchapter S Corporation,Information,Newspaper Publishers ,Unanswered,540 PLANT AVE,WAYCROSS,GA,31501-3510,GA-WARE,01,19,Unanswered,Unanswered
"SANDERSVILLE GEORGIAN, INC.",33937.84,34198.13,Paid in Full,2020-04-15,2021-01-26,33937.84,0.0,0.0,0.0,0.0,0.0,0.0,0.0,F & M Bank and Trust Company,2043047201,Corporation,Information,Newspaper Publishers ,Existing or more than 2 years old,118 East Haynes Street,SANDERSVILLE,GA,31082,GA-WASHINGTON,12,10,Male Owned,Unanswered
WINTERS MEDIA & PUBLISHING INC.,33750.0,33997.5,Paid in Full,2021-01-21,2021-10-20,33747.0,0.0,1.0,0.0,0.0,0.0,0.0,2.0,United Bank,2865838306,Subchapter S Corporation,Information,Newspaper Publishers ,Existing or more than 2 years old,17 Inland Ct,Newnan,GA,30263-5936,GA-COWETA,03,4,Unanswered,Unanswered
"WINTERS MEDIA & PUBLISHING, INC.",33700.0,33918.11,Paid in Full,2020-04-14,2020-12-15,26700.0,7000.0,0.0,0.0,0.0,0.0,0.0,0.0,United Bank,6105767101,Subchapter S Corporation,Information,Newspaper Publishers ,Existing or more than 2 years old,17 INLAND CT,NEWNAN,GA,30263-5936,GA-COWETA,03,4,Unanswered,Unanswered
TATTNALL COUNTY MEDIA LLC,33332.0,33532.92,Paid in Full,2021-01-27,2021-09-09,33329.0,0.0,1.0,0.0,0.0,0.0,0.0,2.0,"U.S. Bank, National Association",6830118300,Limited  Liability Company(LLC),Information,Newspaper Publishers ,Existing or more than 2 years old,27 Abercorn St,Savannah,GA,31401-2715,GA-CHATHAM,01,8,Unanswered,Unanswered
EVICIENT LLC,32420.0,32635.23,Paid in Full,2020-04-14,2020-12-28,32420.0,0.0,0.0,0.0,0.0,0.0,0.0,0.0,"SouthState Bank, National Association",7190477106,Limited  Liability Company(LLC),Information,Newspaper Publishers ,Existing or more than 2 years old,781 Wheeler Street Northwest 13,ATLANTA,GA,30318,GA-FULTON,05,2,Unanswered,Unanswered
JARRARDS BUZZZZN MAGAZINES LLC,31434.0,31659.64,Paid in Full,2021-02-04,2021-10-29,31432.0,0.0,0.0,0.0,0.0,0.0,0.0,2.0,Ameris Bank,2796648401,Limited  Liability Company(LLC),Information,Newspaper Publishers ,Existing or more than 2 years old,90 Glenda Trce Ste F PMB 435,Newnan,GA,30265-3889,GA-COWETA,03,3,Female Owned,Unanswered
SINGH BUSINESS INC,30000.0,30282.5,Paid in Full,2020-04-28,2021-04-15,24000.0,0.0,6000.0,0.0,0.0,0.0,0.0,0.0,Cadence Bank,1474677308,Subchapter S Corporation,Information,Newspaper Publishers ,Existing or more than 2 years old,4800 COLUMBIA RD,GROVETOWN,GA,30813-5209,GA-COLUMBIA,12,6,Male Owned,Asian
AIR PUBLICATIONS INC,29025.0,29218.5,Paid in Full,2021-02-20,2021-10-25,29020.0,0.0,1.0,0.0,0.0,0.0,0.0,4.0,Farmers and Merchants Bank,2424158504,Subchapter S Corporation,Information,Newspaper Publishers ,Existing or more than 2 years old,210 EAST DAME AVE,HOMERVILLE,GA,31634,GA-CLINCH,01,4,Male Owned,Unanswered
"AIR PUBLICATIONS, INC.",29025.0,29220.11,Paid in Full,2020-04-10,2020-12-16,29025.0,0.0,0.0,0.0,0.0,0.0,0.0,0.0,Farmers and Merchants Bank,2460647107,Subchapter S Corporation,Information,Newspaper Publishers ,Existing or more than 2 years old,PO BOX 377,HOMERVILLE,GA,31634-0377,GA-CLINCH,08,4,Male Owned,Unanswered
"THE DARIEN NEWS, INC.",28803.0,28991.82,Paid in Full,2020-04-06,2020-12-08,21602.0,0.0,7201.0,0.0,0.0,0.0,0.0,0.0,Southeastern Bank,5839847008,Corporation,Information,Newspaper Publishers ,Existing or more than 2 years old,219 Walton Street,DARIEN,GA,31305-9119,GA-MCINTOSH,01,3,Unanswered,Unanswered
"MC GARDNER PUBLISHING, INC.",28449.0,28636.06,Paid in Full,2020-05-01,2021-01-25,28449.0,0.0,0.0,0.0,0.0,0.0,0.0,0.0,Customers Bank,9088387705,Corporation,Information,Newspaper Publishers ,New Business or 2 years or less,121 Southwest Central Avenue,Blackshear,GA,31516,GA-PIERCE,01,5,Unanswered,Unanswered
"JARRARD'S BUZZZZN MAGAZINES, LLC",28320.0,28666.82,Paid in Full,2020-04-30,2021-08-03,5680.0,0.0,22640.0,0.0,0.0,0.0,0.0,0.0,Ameris Bank,6076287306,Limited  Liability Company(LLC),Information,Newspaper Publishers ,Existing or more than 2 years old,90-F Glenda Trace STE 435,NEWNAN,GA,30265,GA-COWETA,03,3,Female Owned,Unanswered
MC GARDENER PUBLISHING INC.,27158.0,27326.23,Paid in Full,2021-02-25,2021-10-08,27158.0,0.0,0.0,0.0,0.0,0.0,0.0,0.0,First Southern Bank,4306338508,Corporation,Information,Newspaper Publishers ,Existing or more than 2 years old,121 SW Central Ave,Blackshear,GA,31516-2259,GA-PIERCE,01,5,Unanswered,Unanswered
UPSON NEWSPAPERS INC,26859.0,27212.64,Paid in Full,2021-01-27,2022-05-17,26859.0,0.0,0.0,0.0,0.0,0.0,0.0,0.0,The Peoples Bank of Georgia,6448928306,Corporation,Information,Newspaper Publishers ,Existing or more than 2 years old,108 E Gordon St,Thomaston,GA,30286-4165,GA-UPSON,03,8,Male Owned,Unanswered
"UPSON NEWSPAPERS, INC.",26685.0,26956.24,Paid in Full,2020-04-11,2021-04-29,26685.0,0.0,0.0,0.0,0.0,0.0,0.0,0.0,Colony Bank,2687507105,Corporation,Information,Newspaper Publishers ,Existing or more than 2 years old,108 East Gordon Street,Thomaston,GA,30286-4165,GA-UPSON,03,8,Male Owned,Unanswered
"SEMINOLE NEWS, LLC",26354.0,26651.95,Paid in Full,2020-05-01,2021-06-17,26354.0,0.0,0.0,0.0,0.0,0.0,0.0,0.0,First State Bank of Blakely,8918627308,Limited  Liability Company(LLC),Information,Newspaper Publishers ,Existing or more than 2 years old,Post Office Box 106,Donalsonville,GA,39845,GA-SEMINOLE,02,5,Male Owned,White
MITCHELL NEWSPAPERS INC,25386.12,25581.33,Paid in Full,2020-04-15,2021-01-26,25386.12,0.0,0.0,0.0,0.0,0.0,0.0,0.0,F & M Bank and Trust Company,1979027209,Corporation,Information,Newspaper Publishers ,Unanswered,13 South Scott Street,CAMILLA,GA,31730,GA-MITCHELL,02,7,Male Owned,Unanswered
MCDUFFIE COUNTY NEWSPAPERS INC,25000.0,25253.47,Paid in Full,2020-04-05,2021-04-15,25000.0,0.0,0.0,0.0,0.0,0.0,0.0,0.0,ServisFirst Bank,5579017009,Corporation,Information,Newspaper Publishers ,Existing or more than 2 years old,101 CHURCH ST,THOMSON,GA,30824-2613,GA-MCDUFFIE,12,5,Male Owned,Unanswered
"THE CLAXTON ENTERPRISE, INC.",23100.0,23228.97,Paid in Full,2020-04-09,2020-11-05,18548.0,3000.0,1552.0,0.0,0.0,0.0,0.0,0.0,The Claxton Bank,9277297004,Subchapter S Corporation,Information,Newspaper Publishers ,Existing or more than 2 years old,24 S. NEWTON ST,CLAXTON,GA,30417-2044,GA-EVANS,12,5,Male Owned,White
GRADY PRESSLEY,22500.0,22666.44,Paid in Full,2021-02-06,2021-11-10,22496.0,0.0,1.0,0.0,0.0,0.0,0.0,3.0,"Readycap Lending, LLC",4747728404,Sole Proprietorship,Information,Newspaper Publishers ,Existing or more than 2 years old,130 Plymouth Dr,Lagrange,GA,30240-8534,GA-TROUP,03,1,Unanswered,Unanswered
DAMIAN SIMMONS,20833.0,,Exemption 4,2021-05-29,,20833.0,0.0,0.0,0.0,0.0,0.0,0.0,0.0,"BSD Capital, LLC dba Lendistry",9719449002,Sole Proprietorship,Information,Newspaper Publishers ,Existing or more than 2 years old,142 Waterford Way,Griffin,GA,30223-9001,GA-SPALDING,03,1,Unanswered,Unanswered
ROOSEVELT WILLIAMS,20832.0,,Exemption 4,2021-03-23,,20832.0,0.0,0.0,0.0,0.0,0.0,0.0,0.0,"Capital Plus Financial, LLC",6820398604,Sole Proprietorship,Information,Newspaper Publishers ,Existing or more than 2 years old,1209 Courtland Ave,Macon,GA,31204-4613,GA-BIBB,02,1,Male Owned,White
MONTICELLO NEWS INC,20695.0,20804.22,Paid in Full,2020-04-07,2020-10-26,18211.0,0.0,2484.0,0.0,0.0,0.0,0.0,0.0,Bank of Monticello,7281347010,Corporation,Information,Newspaper Publishers ,Existing or more than 2 years old,247 WASHINGTON ST,MONTICELLO,GA,31064-1241,GA-JASPER,10,4,Female Owned,White
THE HERALD JOURNAL,20587.0,20751.7,Paid in Full,2020-04-12,2021-02-19,20587.0,0.0,0.0,0.0,0.0,0.0,0.0,0.0,"LendingClub Bank, National Association",4122097104,Sole Proprietorship,Information,Newspaper Publishers ,Existing or more than 2 years old,107 N Main St,GREENSBORO,GA,30642-1143,GA-GREENE,10,3,Unanswered,Unanswered
EARLY COUNTY NEWS INC,20472.39,20665.74,Paid in Full,2020-04-11,2021-03-29,18482.17,1500.0,490.22,0.0,0.0,0.0,0.0,0.0,OneSouth Bank,2894917102,Corporation,Information,Newspaper Publishers ,Existing or more than 2 years old,529 COLLEGE ST,BLAKELY,GA,39823-2235,GA-EARLY,02,6,Male Owned,White
EARLY COUNTY NEWS INC.,20472.39,20512.77,Paid in Full,2021-04-23,2021-07-07,20472.39,0.0,0.0,0.0,0.0,0.0,0.0,0.0,OneSouth Bank,9132628808,Corporation,Information,Newspaper Publishers ,Existing or more than 2 years old,529 College St,Blakely,GA,39823-2235,GA-EARLY,02,6,Male Owned,White
"SAVANNAH TRIBUNE, INC.",18500.0,18696.31,Paid in Full,2020-04-15,2021-05-12,18500.0,0.0,0.0,0.0,0.0,0.0,0.0,0.0,Liberty Bank and Trust Company,8898247107,Corporation,Information,Newspaper Publishers ,Existing or more than 2 years old,"1805 Martin Luther King, Jr. Boulevard",SAVANNAH,GA,31415-8001,GA-CHATHAM,01,3,Female Owned,Unanswered
HAWKINSVILLE PUBLISHING CO,18357.45,18463.52,Paid in Full,2020-04-27,2020-11-27,18357.45,0.0,0.0,0.0,0.0,0.0,0.0,0.0,Sunmark Community Bank,5462177203,Corporation,Information,Newspaper Publishers ,Existing or more than 2 years old,122 Commerce St,HAWKINSVILLE,GA,31036-8418,GA-PULASKI,08,3,Unanswered,Unanswered
MACON WINGS INC,18219.0,18386.71,Paid in Full,2020-05-01,2021-04-08,18219.0,0.0,0.0,0.0,0.0,0.0,0.0,0.0,"Wells Fargo Bank, National Association",3907617710,Corporation,Information,Newspaper Publishers ,Existing or more than 2 years old,45 SPRING STREET,MACON,GA,31201,GA-BIBB,02,5,Male Owned,Asian
"HOMETOWN NEWSPAPERS, INC.",18100.0,18242.29,Paid in Full,2020-04-08,2021-02-01,13600.0,0.0,1500.0,0.0,3000.0,0.0,0.0,0.0,United Bank,7937777003,Subchapter S Corporation,Information,Newspaper Publishers ,Existing or more than 2 years old,16026 Barnesville St,ZEBULON,GA,30295-4227,GA-PIKE,03,4,Unanswered,Unanswered
"NEWSPAPER PROCESSING SERVICES, INC.",17500.0,17622.74,Paid in Full,2020-04-15,2021-01-11,17500.0,0.0,0.0,0.0,0.0,0.0,0.0,0.0,Colony Bank,1422977204,Corporation,Information,Newspaper Publishers ,"Startup, Loan Funds will Open Business",1685 SOUTH DAVIS ROAD,LAGRANGE,GA,30241-6165,GA-TROUP,03,5,Unanswered,Unanswered
PALACIOS-RIOS COMMUNICATIONS LLC,17500.0,17652.47,Paid in Full,2020-04-15,2021-03-02,17500.0,0.0,0.0,0.0,0.0,0.0,0.0,0.0,Bank OZK,1697697202,Limited  Liability Company(LLC),Information,Newspaper Publishers ,Existing or more than 2 years old,102 W Cuyler st,DALTON,GA,30720-8207,GA-WHITFIELD,14,6,Male Owned,White
RICHMOND HILL NEWS LLC,16835.0,15237.36,Paid in Full,2021-02-08,2021-09-10,16832.0,0.0,1.0,0.0,0.0,0.0,0.0,2.0,"U.S. Bank, National Association",5194858401,Limited  Liability Company(LLC),Information,Newspaper Publishers ,Existing or more than 2 years old,9998 Ford Ave Ste 6,Richmond Hill,GA,31324-4062,GA-BRYAN,01,3,Unanswered,Unanswered
"TELFAIR ENTERPRISE, INC.",16750.0,16900.52,Paid in Full,2020-04-29,2021-03-24,16750.0,0.0,0.0,0.0,0.0,0.0,0.0,0.0,Synovus Bank,2762107300,Corporation,Information,Newspaper Publishers ,Existing or more than 2 years old,31 WEST OAK ST,MC RAE HELENA,GA,31055-4333,GA-TELFAIR,08,4,Unanswered,Unanswered
SMG PRODUCTIONS LLC,16704.52,16816.65,Paid in Full,2020-04-27,2020-12-31,16704.52,0.0,0.0,0.0,0.0,0.0,0.0,0.0,Commercial Banking Company,6100257200,Limited  Liability Company(LLC),Information,Newspaper Publishers ,Existing or more than 2 years old,603 N Main St,Moultrie,GA,31768-3319,GA-COLQUITT,08,3,Female Owned,White
YM GLOBAL ENTERPRISE LLC,16700.0,16841.38,Paid in Full,2021-02-24,2022-01-03,16700.0,0.0,0.0,0.0,0.0,0.0,0.0,0.0,Metro City Bank,3482498504,Limited  Liability Company(LLC),Information,Newspaper Publishers ,Existing or more than 2 years old,2505 Chamblee Tucker Rd Ste 212,Atlanta,GA,30341-3517,GA-DEKALB,04,3,Male Owned,Unanswered
THE DAWSON NEWS INC.,16004.0,16083.36,Paid in Full,2021-02-22,2021-08-24,15999.0,0.0,1.0,0.0,0.0,0.0,0.0,4.0,Bank of Dawson,3044848502,Corporation,Information,Newspaper Publishers ,Existing or more than 2 years old,139 W Lee St,Dawson,GA,39842-1624,GA-TERRELL,02,6,Male Owned,White
THE DAWSON NEWS,16004.0,16131.16,Paid in Full,2020-04-15,2021-02-09,16004.0,0.0,0.0,0.0,0.0,0.0,0.0,0.0,Bank of Dawson,8842967101,Corporation,Information,Newspaper Publishers ,Existing or more than 2 years old,139 West Lee Street,Dawson,GA,39842-0350,GA-TERRELL,02,6,Male Owned,White
"THE HENRY COUNTY TIMES, INC.",16000.0,16082.67,Paid in Full,2020-06-05,2020-12-16,12000.0,0.0,0.0,0.0,4000.0,0.0,0.0,0.0,The First Bank,8415117807,Subchapter S Corporation,Information,Newspaper Publishers ,Existing or more than 2 years old,PO BOX 2407,MCDONOUGH,GA,30253,GA-HENRY,10,3,Unanswered,Unanswered
THE ALABAMA WEEKLY KOREA INC,15667.0,15853.7,Paid in Full,2021-03-13,2022-06-09,15661.0,0.0,1.0,0.0,0.0,0.0,0.0,5.0,Itria Ventures LLC,2288908607,Corporation,Information,Newspaper Publishers ,Existing or more than 2 years old,3825 Chastatee Dr,Duluth,GA,30097-7942,GA-GWINNETT,07,1,Female Owned,Asian
THE ALABAMA WEEKLY KOREA INC,15640.0,15820.4,Paid in Full,2020-04-28,2021-06-29,15640.0,0.0,0.0,0.0,0.0,0.0,0.0,0.0,Metro City Bank,6642357200,Corporation,Information,Newspaper Publishers ,Existing or more than 2 years old,3825 CHASTATEE DR,DULUTH,GA,30097-7942,GA-GWINNETT,07,1,Female Owned,Asian
TAYLOR-WILCOX PUBLICATIONS LLC,14900.0,15011.04,Paid in Full,2020-04-28,2021-01-26,11275.5,0.0,1674.5,0.0,1950.0,0.0,0.0,0.0,Pineland Bank,6470797206,Sole Proprietorship,Information,Newspaper Publishers ,New Business or 2 years or less,1 BYRT WAY,ALMA,GA,31510-2315,GA-BACON,01,3,Female Owned,White
OUR REDEEMER EVANGELICAL LUTHERAN CHURCH,13548.0,13682.37,Paid in Full,2020-05-13,2021-05-27,13548.0,0.0,0.0,0.0,0.0,0.0,0.0,0.0,"Wells Fargo Bank, National Association",5817907404,Non-Profit Organization,Information,Newspaper Publishers ,Existing or more than 2 years old,402 AUMOND RD,AUGUSTA,GA,30909,GA-RICHMOND,12,1,Unanswered,Unanswered
"BAGADES, INC",12500.0,12628.82,Paid in Full,2020-07-17,2021-08-03,12500.0,0.0,0.0,0.0,0.0,0.0,0.0,0.0,Cadence Bank,4881328109,Subchapter S Corporation,Information,Newspaper Publishers ,Existing or more than 2 years old,314 WALTON WAY,AUGUSTA,GA,30901-2436,GA-RICHMOND,12,3,Unanswered,Unanswered
MIYUKI MOROOKA,12180.0,12281.11,Paid in Full,2021-03-23,2022-01-31,12177.0,0.0,1.0,0.0,0.0,0.0,0.0,2.0,First IC Bank,7336948606,Sole Proprietorship,Information,Newspaper Publishers ,Existing or more than 2 years old,1850 Cotillion Dr # T2216,Atlanta,GA,30338-6701,GA-DEKALB,04,1,Unanswered,Unanswered
"THE OGLETHORPE ECHO, INC",11914.0,11997.89,Paid in Full,2020-04-27,2021-01-20,11914.0,0.0,0.0,0.0,0.0,0.0,0.0,0.0,The Commercial Bank,3834027207,Corporation,Information,Newspaper Publishers ,Existing or more than 2 years old,121 E. MAIN ST,LEXINGTON,GA,30648-1935,GA-OGLETHORPE,10,4,Male Owned,Unanswered
WORTH PUBLISHING INC,11897.5,11999.95,Paid in Full,2020-04-15,2021-03-01,10325.61,0.0,748.72,0.0,0.0,823.17,0.0,0.0,The First Bank,9277847101,Corporation,Information,Newspaper Publishers ,Existing or more than 2 years old,103 E KELLY ST,SYLVESTER,GA,31791-2159,GA-WORTH,08,6,Female Owned,Unanswered
RHIANNON SCOTT,11800.0,11856.05,Paid in Full,2021-04-01,2021-09-27,11800.0,0.0,0.0,0.0,0.0,0.0,0.0,0.0,MBE Capital Partners,4811508708,Sole Proprietorship,Information,Newspaper Publishers ,Existing or more than 2 years old,518 N Webster St,Cuthbert,GA,39840-2508,GA-RANDOLPH,02,1,Unanswered,Unanswered
MOUNTAIN LAKE PUBLISHING INC.,11800.0,11862.72,Paid in Full,2021-02-09,2021-08-25,11800.0,0.0,0.0,0.0,0.0,0.0,0.0,0.0,United Community Bank,5774968406,Corporation,Information,Newspaper Publishers ,Existing or more than 2 years old,2180 Mockingbird Ln,Hiawassee,GA,30546-1666,GA-TOWNS,09,3,Unanswered,Unanswered
MOUNTAIN LAKE PUBLISHING INC,11800.0,11884.05,Paid in Full,2020-04-09,2021-01-07,11800.0,0.0,0.0,0.0,0.0,0.0,0.0,0.0,United Community Bank,9943707010,Corporation,Information,Newspaper Publishers ,Existing or more than 2 years old,2180 MOCKINGBIRD LANE,HIAWASSEE,GA,30546-1666,GA-TOWNS,09,3,Unanswered,Unanswered
"HARRIS PUBLICATIONS, INC.",10400.0,10459.84,Paid in Full,2020-04-05,2020-11-19,8320.0,0.0,2080.0,0.0,0.0,0.0,0.0,0.0,Ameris Bank,5376347003,Corporation,Information,Newspaper Publishers ,Existing or more than 2 years old,71 WEBB LN,BUENA VISTA,GA,31803-5332,GA-MARION,02,6,Unanswered,Unanswered
CRAWFORD PUBLISHING LLC,10220.0,10329.76,Paid in Full,2021-03-01,2022-04-26,10220.0,0.0,0.0,0.0,0.0,0.0,0.0,0.0,Georgia Community Bank,5757848501,Limited  Liability Company(LLC),Information,Newspaper Publishers ,Existing or more than 2 years old,58 S Dugger Ave,Roberta,GA,31078-4807,GA-CRAWFORD,02,3,Unanswered,Unanswered
"CRAWFORD PUBLISHING, LLC",10220.0,10288.88,Paid in Full,2020-04-28,2021-01-07,10220.0,0.0,0.0,0.0,0.0,0.0,0.0,0.0,Georgia Community Bank,7091707206,Limited  Liability Company(LLC),Information,Newspaper Publishers ,Existing or more than 2 years old,58 SOUTH DUGGER AVE,ROBERTA,GA,31078-4807,GA-CRAWFORD,02,4,Male Owned,Unanswered
PALACIOS-RIOS COMMUNICATIONS LLC,9687.5,9779.6,Paid in Full,2021-02-20,2022-02-03,9685.5,0.0,1.0,0.0,0.0,0.0,0.0,1.0,Bank OZK,2332638509,Limited  Liability Company(LLC),Information,Newspaper Publishers ,Existing or more than 2 years old,737 Riverbend Rd,Dalton,GA,30721-4789,GA-WHITFIELD,14,8,Male Owned,White
SOWEGA PUBLISHING LLC,8955.0,9004.75,Paid in Full,2021-04-30,2021-11-17,8955.0,0.0,0.0,0.0,0.0,0.0,0.0,0.0,PeoplesSouth Bank,5756518908,Limited  Liability Company(LLC),Information,Newspaper Publishers ,Existing or more than 2 years old,66 Maple St,Cuthbert,GA,39840-5811,GA-RANDOLPH,02,4,Unanswered,Unanswered
CHINA TRIBUNE INC,8750.0,8813.05,Paid in Full,2020-05-01,2021-01-25,8750.0,0.0,0.0,0.0,0.0,0.0,0.0,0.0,"Bank of America, National Association",5239967702,Corporation,Information,Newspaper Publishers ,New Business or 2 years or less,8415 COG HILL TRCE,DULUTH,GA,30097-6647,GA-FORSYTH,06,1,Unanswered,Asian
THE KOREAN CHRISTIAN TIMES,8300.0,8391.19,Paid in Full,2020-05-15,2021-06-24,8300.0,0.0,0.0,0.0,0.0,0.0,0.0,0.0,First IC Bank,6860667404,Professional Association,Information,Newspaper Publishers ,New Business or 2 years or less,3460 SUMMIT RIDGE PKWY STE 301,DULUTH,GA,30096-1621,GA-GWINNETT,07,2,Male Owned,Unanswered
WORTH PUBLISHING INC,7830.62,7890.87,Paid in Full,2021-02-03,2021-11-09,7830.62,0.0,0.0,0.0,0.0,0.0,0.0,0.0,The First Bank,2020188408,Corporation,Information,Newspaper Publishers ,Existing or more than 2 years old,120 103 E KELLY ST,SYLVESTER,GA,31791,GA-WORTH,02,5,Female Owned,Unanswered
BETSY BEAN,6641.0,6664.11,Paid in Full,2021-03-12,2021-07-23,6641.0,0.0,0.0,0.0,0.0,0.0,0.0,0.0,First American Bank & Trust Company,9820078508,Limited  Liability Company(LLC),Information,Newspaper Publishers ,Existing or more than 2 years old,337 S Milledge Ave Ste 223,Athens,GA,30605-5640,GA-CLARKE,10,1,Unanswered,Unanswered
PATRICIA JILES,6300.0,6350.75,Paid in Full,2020-04-30,2021-02-25,6300.0,0.0,0.0,0.0,0.0,0.0,0.0,0.0,Bank OZK,5841747306,Sole Proprietorship,Information,Newspaper Publishers ,Existing or more than 2 years old,2780 E. Court Sq.,Franklin,GA,30217,GA-HEARD,03,1,Unanswered,Unanswered
"WORTHY ADVERTISING, INC.",6100.0,6145.07,Paid in Full,2020-05-15,2021-02-19,6100.0,0.0,0.0,0.0,0.0,0.0,0.0,0.0,"American Commerce Bank, National Association",7000587409,Corporation,Information,Newspaper Publishers ,Existing or more than 2 years old,1395 TEMPLE RD,BREMEN,GA,30110,GA-HARALSON,03,2,Male Owned,White
MACON MEDIA LLC,5770.0,5795.97,Paid in Full,2021-02-16,2021-08-18,5769.0,0.0,0.0,0.0,0.0,0.0,0.0,1.0,Itria Ventures LLC,9297268402,Limited  Liability Company(LLC),Information,Newspaper Publishers ,Existing or more than 2 years old,1083 Washington Ave,Macon,GA,31201-6722,GA-BIBB,02,2,Unanswered,Unanswered
CROSSROAD USA LLC,5520.82,5564.23,Paid in Full,2021-02-12,2021-12-07,5519.82,0.0,0.0,0.0,0.0,0.0,0.0,1.0,First IC Bank,7664318408,Corporation,Information,Newspaper Publishers ,Existing or more than 2 years old,2730 N Berkeley Lake Rd NW Ste 800,Duluth,GA,30096-1744,GA-GWINNETT,07,2,Male Owned,Asian
"NEWS LEADER PUBLISHING, INC",4908.0,3929.6,Paid in Full,2020-04-15,2020-11-09,4908.0,0.0,0.0,0.0,0.0,0.0,0.0,0.0,Persons Banking Company,1272717200,Corporation,Information,Newspaper Publishers ,Existing or more than 2 years old,500 BELLS FERRY RD NE,ROME,GA,30161-7523,GA-FLOYD,14,1,Unanswered,Unanswered
THE HUB JCA LLC,4100.0,4136.67,Paid in Full,2020-06-10,2021-05-05,4100.0,0.0,0.0,0.0,0.0,0.0,0.0,0.0,Renasant Bank,1411707906,Limited  Liability Company(LLC),Information,Newspaper Publishers ,Existing or more than 2 years old,745 LAKE FOREST PASS,ROSWELL,GA,30076-2514,GA-FULTON,06,1,Unanswered,Unanswered
JOSHUA D. HUDSON,3625.0,3638.9,Paid in Full,2021-03-13,2021-08-09,3625.0,0.0,0.0,0.0,0.0,0.0,0.0,0.0,Century Bank & Trust,1606318609,Self-Employed Individuals,Information,Newspaper Publishers ,Existing or more than 2 years old,505 Old Phoenix Rd Unit 105,Eatonton,GA,31024-5987,GA-PUTNAM,10,1,Unanswered,Unanswered
SOPHIA PIERRE-FRANCOIS,3515.0,3530.41,Paid in Full,2021-03-23,2021-09-08,3515.0,0.0,0.0,0.0,0.0,0.0,0.0,0.0,"Harvest Small Business Finance, LLC",6839968609,Sole Proprietorship,Information,Newspaper Publishers ,Existing or more than 2 years old,1949 Boulder Gate Dr,Ellenwood,GA,30294-1680,GA-DEKALB,05,1,Unanswered,Unanswered
"ESTADIO, INC.",3308.0,3328.84,Paid in Full,2020-05-18,2021-01-06,3308.0,0.0,0.0,0.0,0.0,0.0,0.0,0.0,"Kabbage, Inc.",8227567402,Corporation,Information,Newspaper Publishers ,Existing or more than 2 years old,3855 Green Bay Dr.,Lawrenceville,GA,30044,GA-GWINNETT,07,1,Male Owned,White
ESTADIO INC.,3249.0,3267.16,Paid in Full,2021-03-12,2021-10-06,3248.0,0.0,1.0,0.0,0.0,0.0,0.0,0.0,Customers Bank,9429958509,Corporation,Information,Newspaper Publishers ,Existing or more than 2 years old,3855 Green Bay Dr,Lawrenceville,GA,30044-3357,GA-GWINNETT,07,1,Male Owned,White
LIPSETT & ASSOCIATES INC,2780.0,2822.58,Paid in Full,2020-04-27,2021-11-16,2780.0,0.0,0.0,0.0,0.0,0.0,0.0,0.0,"Kabbage, Inc.",6008297209,Corporation,Information,Newspaper Publishers ,Existing or more than 2 years old,407 Lees Trace,Marietta,GA,30064,GA-COBB,11,1,Unanswered,Unanswered
M&M MEMORIES,2408.0,2437.29,Paid in Full,2020-06-13,2021-09-01,2408.0,0.0,0.0,0.0,0.0,0.0,0.0,0.0,"Kabbage, Inc.",3191237903,Self-Employed Individuals,Information,Newspaper Publishers ,Existing or more than 2 years old,501A East Willingham St,Sylvester,GA,31791-1806,GA-WORTH,08,1,Female Owned,White
WILLIE JAMES PATRICK,1812.46,1832.22,Paid in Full,2021-03-13,2022-04-19,1806.46,0.0,1.0,0.0,0.0,0.0,0.0,5.0,Planters First Bank,2199798609,Sole Proprietorship,Information,Newspaper Publishers ,Existing or more than 2 years old,302 E 16th Ave,Cordele,GA,31015-1624,GA-CRISP,08,1,Female Owned,Asian
LH CULTURAL MEDIA LLC,1707.0,1712.89,Paid in Full,2021-01-23,2021-06-15,1706.0,0.0,0.0,0.0,0.0,0.0,0.0,1.0,Cross River Bank,5004808310,Limited  Liability Company(LLC),Information,Newspaper Publishers ,Existing or more than 2 years old,1127 Bottom Land Ct,Lawrenceville,GA,30043-7076,GA-GWINNETT,09,3,Unanswered,Unanswered
